{"cameraMode":{"drawMode":0,"name":"Shaded","section":"Shading Mode"},"sceneLighting":true,"audioPlay":false,"sceneViewState":{"showFog":true,"showMaterialUpdate":false,"showSkybox":true,"showFlares":true,"showImageEffects":true,"showParticleSystems":true},"in2DMode":false,"pivot":{"x":-0.7771680951118469,"y":1.7849586009979249,"z":-3.2702972888946535},"rotation":{"x":-0.26816651225090029,"y":0.3236446976661682,"z":-0.09619273990392685,"w":-0.9022681713104248},"size":27.725404739379884,"orthographic":true}