{"cameraMode":{"drawMode":0,"name":"Shaded","section":"Shading Mode"},"sceneLighting":false,"audioPlay":false,"sceneViewState":{"showFog":true,"showMaterialUpdate":false,"showSkybox":true,"showFlares":true,"showImageEffects":true,"showParticleSystems":true},"in2DMode":false,"pivot":{"x":1.8681879043579102,"y":-3.373234748840332,"z":-7.635259628295898},"rotation":{"x":0.20274601876735688,"y":-0.11077383160591126,"z":0.02309056743979454,"w":0.972671627998352},"size":4.041657447814941,"orthographic":true}